date,description
01.01.2026,"+ Нова година. Обрезание Господне. Св. Василий Велики. Св. Емилия. Св. мчк Василий Анкирски (Вас. лит.) (Василовден) (Тип. с. 164)"
02.01.2026,"Св. Силвестър, папа Римски. Преп. Серафим Саровски Чудотворец (Предпразненство на св. Богоявление) (Блажи се)"
03.01.2026,"Св. прор. Малахия. Св. мчк Гордий"
04.01.2026,"+ Неделя преди Богоявление. Събор на св. 70 апостоли. Прпмчк Онуфрий Габровски. Преп. Теоктист. Гл. 5, утр. ев. 8, ап. 2 Тим 4: 5-8 (с. 448), лит. ев. Мк 1:1-8 (с. 302) [прпмчк Онуфрий Габровски: 2 Тим. 1: 8-18 (с. 355), лит. ев. Мк 8: 34-38, 9: 1)] (Тип. с. 169)"
05.01.2026,"Св. прор. Михей. Св. мчци Теопемт и Теона. Преп. Синклитикия и Аполинария (Водици) (Утреня, Царски часове, Вечерня с Вас. лит.) (Велик водосвет) (Строг пост) (Тип. с. 172)"
06.01.2026,"+ Св. Богоявление (Утреня, Злат. лит.) (Велик водосвет) (Йордановден) (Тип. с. 174)"
07.01.2026,"+ Св. Йоан Кръстител (Ивановден) (Тип. с. 177)"
08.01.2026,"Св. Григорий, еп. Български. Преп. Георги Хозевит. Св. Емилиан изповедник. Преп. Домника. Мчк Або Тбилиски"
09.01.2026,"Св. мчк Полиевкт. Св. Петър, еп. Севастийски. Преп. Евстратий"
10.01.2026,"Св. Григорий, еп. Нисийски. Преп. Дометиан, еп. Мелитински. Св. Маркиан. Св. Теофан Затворник. Блажена Теозви"
11.01.2026,"+ Неделя след Богоявление. Преп. Теодосий Велики. Преп. Теодосий Антиохийски. Гл. 6, утр. ев. 9, ап. Ефес. 4:7-13 (457) лит. ев. Мт 4:12-17 (с. 308) [на преподобния ап. Евр. 13:7-16 (с. 458), лит. ев. Мт 11: 27-30 (с. 309)] (Тип. с. 180)"
12.01.2026,"Св. мчца Татяна Римска. Св. Сава Сръбски. Св. мчк Мертий. Мчк Петър Авесаломит. Преп. Евпраксия"
13.01.2026,"Св. мчци Ермил и Стратоник. Св. мчк Петър Анийски. Преп. Максим Кавсокаливит. Св. Йеремия I, патр. Константинополски"
14.01.2026,"Преп. отци, избити в Синай и Раита. Св. равноап. Нина. Св. Потит Сердикийски (Отдание на Богоявление) (Тип. с. 181)"
15.01.2026,"Преп. отци Гавриил Лесновски, Прохор Пшински, Павел Тивейски и Йоан Колибар. Св. Герасим, патр. Александрийски"
16.01.2026,"Честни вериги на св. ап. Петър. Преп. Ромил Видински. Св. свщмчк Дамаскин Габровски"
17.01.2026,"* Преп. Антоний Велики (Тип. с. 184) (Антоновден)"
18.01.2026,"+ Неделя 12 след Неделя подир Въздвижение - на 10-те прокажени. Св. Атанасий и Кирил Александрийски. Св. Йоаким, патр. Търновски (Атанасовден). Гл. 7, утр. ев. 10, ап. Кол. 3: 4-11, лит. ев. Лк 17:12-19(с. 145), [на светителите: ап. Евр. 13:7-16 (с. 462), лит. ев. Мт 5: 14-19 (с. 311)], [на св. Йоаким Търновски: ап. ЕВр. 7: 26-28, 8: 1-2(с. 350), лит. ев. Ин 10: 9-16 (с. 235)] (Тип. с. 188)."
19.01.2026,"Преп. Макарий Египетски. Св. Марк, еп. Ефески"
20.01.2026,"* Преп. Евтимий Велики. Св. Евтимий, патриарх Търновски (Тип. с. 191)"
21.01.2026,"Преп. Максим Изповедник. Св. мчк Неофит"
22.01.2026,"Св. ап. Тимотей. Прпмчк Анастасий Перски. Св. свщмчк Петър, еп. Български. Св. мчк Сионий Български"
23.01.2026,"Св. свщмчк Климент, еп. Анкирски. Св. мчк Агатангел. Св. Павлин, еп. Нолански"
24.01.2026,"Преп. Ксения Римлянка. Блаж. Ксения Петербургска. Преп. Филон, еп. Колпастийски"
25.01.2026,"+ Неделя 15 след Неделя подир Въздвижение ¬ на Закхея. Св. Григорий Богослов, архиепископ Константинополски. Гл. 8, утр. ев. 11, ап. 1 Тим 4: 9-15 (с. 291,) лит. ев. Лк 19:1-10 (с. 155) [на светителя: ап. Евр. 7:26-28, 8:1-2 (с. 466), лит. ев. Ин 10: 9-16 (с. 313)] (Тип. с. 194)"
26.01.2026,"Преп. Ксенофонт и дружината му. Св. Амон. Св. Павла"
27.01.2026,"* Пренасяне мощите на св. Йоан Златоуст (Тип. с. 196)"
28.01.2026,"Преп. Ефрем Сириец. Св. Исаак Сириец, епископ Ниневийски. Преп. Паладий Пустинник"
29.01.2026,"Пренасяне мощите на св. Игнатий Богоносец. Св. мчк Димитрий Сливенски. Св. Димитрий Гагастатис, презвитер"
30.01.2026,"* Св. Трисветители велики архиереи: Василий Велики, Григорий Богослов и Йоан Златоуст. Св. свщмчк Иполит, папа Римски. Св. благоверен цар Петър Български. Преп. Сергий Къпински (Тип. с. 200)"
31.01.2026,"Св. безсребреници и чудотворци Кир и Йоан. Св. Серапион и Папий"
01.02.2026,"+ Неделя 16 след Неделя подир Въздвижение - на Митаря и Фарисея. Св. мчк Трифон (Предпразненство на Сретение Господне) (Трифоновден). Гл. 1, утр. ев. 1, ап. 2 Тим 3:10-15 (с. 299), лит. ев. Лк 18:10-14 (с. 158) [на св. мчк Трифон: ап. Рим. 8:28-39 (с. 469), лит. ев. Лк 10: 16-21 (с. 315)] (Тип. с. 207, т. 3)"
02.02.2026,"+ Сретение Господне (Тип. с. 208)"
03.02.2026,"Св. Симеон Богоприимец и Анна пророчица. Св. пророк Азарий. Св. равноап Николай Японски"
04.02.2026,"Преп. Исидор Пелусийски. Св. мчк Иадор. Преп. Иасим Чудотворец (Блажи се) (Тип. с. 415, заб.)"
05.02.2026,"Св. мчца Агатия (Добра). Св. мчца Василиса"
06.02.2026,"Преп. Вукол, еп. Смирненски. Св. Фотий, патр. Константинополски. Преп. Варсануфий Велики. Св. Йоан Пророк. Св. мчци Доротея, Христина и Калиста (Блажи се)"
07.02.2026,"Преп. Партений, еп. Лампсакийски. Преп. Лука Еладски. Преп. Априон, еп. Кипърски"
08.02.2026,"+ Неделя 17 след Неделя подир Въздвижение ¬ на Блудния син. Св. вмчк Теодор Стратилат. Св. прор. Захария Сърповидец. Гл. 2, утр. ев. 2, ап. 1 Кор. 6:12-20 (с. 308), лит. ев. Лк 15:11-32 (с. 161 ) (Тип. с. 416)"
09.02.2026,"Св. мчк Никифор (Отдание на Сретение Господне) (Тип. с. 216, т. 1)"
10.02.2026,"* Св. свщмчк Харалампий Чудотворец. Св. мчца Валентина (Тип. 219)"
11.02.2026,"* Св. свщмчк Власий, еп. Севастийски. Св. мчк Георги Софийски, Нови"
12.02.2026,"Св. Мелетий, архиеп. Антиохийски. Св. Антоний, патр. Константинополски"
13.02.2026,"Преп. Мартиниан. Св. Евлогий, архиеп. Александрийски. Преп. Зоя (Живка) и Фотина (Светлана)"
14.02.2026,"* Успение на св. Кирил Славянобългарски (Тип. с. 225, виж с. 228, т.3). Преп. Авксентий. (Задушница) (Тип. с. 417)"
15.02.2026,"+ Неделя Месопустна (Месни заговезни). Св. ап. Онисим. Преп. Евсевий Сирийски. Гл. 3, утр. ев. 3, ап. 1 Кор. 8:8-13,9:1-2 (с. 317), лит. ев. Мт 25:31-46 (с. 167) (Тип. 418)"
16.02.2026,"Св. мчци Памфил и Порфирий. Св. Флавиан, патр. Константинополски"
17.02.2026,"Св. вмчк Теодор Тирон. Преп. Роман Търновски."
18.02.2026,"Св. Лъв, папа Римски. Св. Агапит Изповедник, еп. Синадски (Службата е великопостна) (Тип. с. 420) (Блажи се риба и млечни храни)"
19.02.2026,"Св. ап. Архип и Филимон от 70-те, и мчца и равноап. Апфия. Преп. Доситей"
20.02.2026,"Св. Лъв, еп. Катански. Св. Агатон, папа Римски. Св. свщмчк Садок, еп. Персийски и 128 мъченици с него. Преп. Плотин (Службата е великопостна) (Тип. с. 420) (Блажи се риба и млечни храни)"
21.02.2026,"Преп. Тимотей. Св. Евстатий, архиеп. Антиохийски"
22.02.2026,"+ Неделя Сиропустна (Сирни заговезни). Намиране честните мощи на св. мчци в Евгения. Гл. 4, утр. ев. 4, ап. Рим. 13:11-14, 14: 1-4 (с. 323), лит. ев. Мт 6:14-21 (с. 174) (На вечернята се извършва взаимно опрощение) (Тип. с. 421) (Начало на Великия пост)"
23.02.2026,"Св. свщмчк Поликарп, еп. Смирненски. Преп. Александър, първоначалник на обителта на незаспиващите. (Вечерта - Велико повечерие с канона на св. Андрей Критски, I част) (Тип. с. 424-425)"
24.02.2026,"* 1-во и 2-ро намиране честната глава на св. Йоан Кръстител (Прежд. лит.)(Тип. с. 229, т. 6) (Вечерта - Велико повечерие с канона на св. Андрей Критски, II част)"
25.02.2026,"Св. Тарасий, архиеп. Константинополски (Прежд. лит.) (Тип. с. 425) (Вечерта - Велико повечерие с канона на св. Андрей Критски, III част)"
26.02.2026,"*Св. Серафим Софийски Чудотворец. Св. Порфирий, еп. Газки. Св. мчк Севастиан (Вечерта - Велико повечерие с канона на св. Андрей Критски, IV част)"
27.02.2026,"Преп. Прокопий Декаполит, изповедник (Прежд. лит.) (Вечерта - Малко повечерие с Богородичен акатист, I статия) (Тип. с. 428)"
28.02.2026,"*Тодорова събота. Преп. Василий Изповедник. Св. мчца Кирана Солунска (Злат. лит.) (Тип. с. 428)"
01.03.2026,"+ 1 Неделя на Великия пост - Православна. Св. прпмчца Евдокия Илиополска. Гл. 5, утр. ев. 5, ап. Евр. 11:24-26, 32-40, 12: 1-2 (с. 325), лит. ев. Ин 1:43-51(с. 180) (Вас. лит.) (Молебен на Неделя Православна) (Тип. с. 429)"
02.03.2026,"Св. свщмчк Теодот, еп. Киринейски. Мчца Евталия. Преп. Агатон Египетски"
03.03.2026,"Св. мчци Евтропий, Клеоник и Василиск. Ден на Освобождението на България от османско иго – Национален празник"
04.03.2026,"Преп. Герасим Йордански (Прежд. лит.) (Тип. с. 430)"
05.03.2026,"Св. мчци Конон Исаврийски и Йоан Българин"
06.03.2026,"Св. 42 мчци в Амория (Прежд. лит.) (Вечерта - Малко повечерие с Богородичен акатист, II статия) (Тип. с. 430)"
07.03.2026,"Св. свщмчци Василий, Ефрем, Капитон и др. епископи Херсонски (Злат. лит.) (Тип. с. 431)"
08.03.2026,"+ 2 Неделя на Великия пост - Св. Григорий Палама. Преп. Теофилакт, еп. Никомидийски. Гл. 6, утр. ев. 6, ап. Евр. 1:10-14, 2:1-3 (с. 327), лит. ев. Мк 2:1-12 (181) [на светителя: Евр. 7:26-28, 8:1-2 (с. 350) лит. ев. Ин 10: 9-16 (с. 235)] (Вас. лит.) (Тип. с. 431)"
09.03.2026,"*Св. 40 мчци Севастийски. Св. мчк Исихий Доростолски. (Прежд. лит.) (Тип. с. 239, т. 9 и т. 6)"
10.03.2026,"Св. мчци Кодрат и Галина"
11.03.2026,"*Св. Софроний, еп. Врачански. Св. Софроний, патр. Йерусалимски. (Прежд. лит.) (Тип. с. 433)"
12.03.2026,"Преп. Теофан Изповедник. Св. Григорий Двоеслов. Преп. Симеон, Нови Богослов"
13.03.2026,"Св. Никифор, патр. Константинополски (Прежд. лит.) (Вечерта - Малко повечерие с Богородичен акатист, III статия) (Тип. с. 433)"
14.03.2026,"Преп. Бенедикт Нурсийски (Злат. лит.) (Тип. с. 431)"
15.03.2026,"+ 3 Неделя на Великия пост - Кръстопоклонна. Св. мчк Агапий и 6-те мъченици с него. Св. мчк. Никандър. Гл. 7 утр. ев. 7 ап. Евр. 4:14-16, 5:1-6 (с. 329), лит. ев. Мк 8:34-38, 9:1(с. 182) (Вас. лит.) (Тип. с. 433)"
16.03.2026,"Св. ап. Аристовул. Св. мчци Савин и Папа"
17.03.2026,"Преп. Алексий, човек Божи"
18.03.2026,"Св. Кирил, патриарх Йерусалимски. (Прежд. лит.) (Тип. с. 436)"
19.03.2026,"Св. мчци Хрисант и Дария"
20.03.2026,"Преп. отци, избити в манастира „Св. Сава” (Прежд. лит.) (Вечерта - Малко повечерие с Богородичен акатист, IV статия) (Тип. с. 436)"
21.03.2026,"Преп. Яков, епископ и изповедник (Злат. лит.) (Тип. с. 431)"
22.03.2026,"+ 4 Неделя на Великия пост - Преп. Йоан Лествичник. Св. свщмчк Василий, презвитер Анкирски. Гл. 8, утр. ев. 8, ап. Евр. 6:13-20 (с. 330), лит. ев. Мк 9:17-31 (с. 180) [на преподобния: Ефес. 5:8-19 (с. 63), лит. ев. Мт 11:27-30 (с. 243)] (Вас. лит.) (Тип. с. 436)"
23.03.2026,"Св. свщмчк Никон. Св. прпмчк Лука Одрински. (Вечерта - Малко повечерие с целия канон на св. Андрей Критски) (Тип. с. 257, т. 10)"
24.03.2026,"Преп. Захария. Св. Артемий, еп. Солунски. (Вечерта – Велика вечерня)"
25.03.2026,"+ Благовещение (Утреня и Злат. лит.), утр. ев. на празника, ап. Евр. 2:11-18 (с.481), лит. ев. Лк 1:24-38 (Тип. с. 257, т. 10) (Вечерта - отдание на празника) (Разрешава се риба)"
26.03.2026,"Събор на св. архангел Гавриил. Св. мчк Георги Софийски, Стари"
27.03.2026,"Св. мчца Матрона Солунска (Прежд. лит.) (Вечерта - Малко повечерие с целия Богородичен канон и акатист) (Тип. 439)"
28.03.2026,"*Акатистна събота. Чудотворна икона на Пресв. Богородица „Златна ябълка“. Преп Иларион Нови, изповедник и преп. Стефан, изповедник. Свщмчци Георги, еп. Загорски и Петър, презв. Мъгленски. Св. мчк Енравота-Боян, княз Български (Злат. лит.) (Тип.с. 440)"
29.03.2026,"+ 5 Неделя на Великия пост ¬ Преп. Мария Египетска. Преп. Марк, еп. Аретусийски и св. Кирил, дякон. Гл. 1, утр. ев. 9, ап. Евр. 9:11-14 (с. 332), лит. ев. Мк 10:32-45 (с. 184) [на преподобната: ап. Гал. 3:23-29, 4:1-5 (с. 367), лит. ев. Лк 7:36-50 (с. 247)] (Вас. лит.) (Тип. с. 440)"
30.03.2026,"Преп. Йоан Синайски - Лествичник"
31.03.2026,"Св. свщмчк Ипатий, еп. Гангърски"
01.04.2026,"Преп. Мария Египетска. Св. мчк Аврамий Български (Прежд. лит.) (Тип. с. 442)"
02.04.2026,"Преп. Тит Чудотворец. Св. мчци Амфиан и Едесий"
03.04.2026,"Преп. Никита Изповедник, игумен Мидикийски (Прежд. лит.) (Вечерта - Малко повечерие с канона от Триода) (Тип. с. 442)"
04.04.2026,"*Лазарова събота. Преп. Йосиф Песнописец. Преп. Георги в Малея. Св. свщмчк Никита Серски (Злат. лит.) (Тип. с. 442)"
05.04.2026,"+ 6 Неделя на Великия пост – Вход Господен в Йерусалим - Връбница - Цветница. Св. мчци Теодул и Агатопод. (Всичко на празника) (Злат. лит.) утр. ев. Мт 21:1-11, 15-17 (с. 187), ап. Фил. 4:4-9 (с. 334), лит. ев. Ин 12: 1-18 (с. 187) (Тип. с. 443) (Вечерта - Последование на Жениха) (Тип. с. 445). (Разрешава се риба)"
06.04.2026,"*Велики понеделник. Йосиф Прекрасни. Успение на св. Методий Славянобългарски. Св. Евтихий, патр. Константинополски. Св. мчци Тимотей и Диоген. (Прежд. лит.) (Вечерта - Последование на Жениха) (Тип. с. 446)"
07.04.2026,"*Велики вторник. Десетте Девици. Преп. Георги, еп. Митилински. (Прежд. лит.) (Вечерта - Последование на Жениха) (Тип. с. 447)"
08.04.2026,"*Велика сряда. Помазването на Господа с миро. Св. апли Иродион, Агав, Руф и др. (Прежд. лит.) (Вечерта - Малко повечерие) (Тип. с. 447)"
09.04.2026,"*Велики четвъртък. Тайната вечеря. Св. мчк Евпсихий. (Утреня, общ маслосвет, Вечерня със св. Василиева литургия) (Тип. с. 447) (Вечерта - Последование на 12-те евангелия) (Тип. с. 448)"
10.04.2026,"*Велики петък. Св. страдания Господни. Св. мчци Терентий и дружина. (Царски часове, Вечерня, с изнасяне на св. Плащаница) (Тип. с. 450) (Вечерта - Опело Христово) (Тип. с. 451)"
11.04.2026,"*Велика събота. Слизането на Господа в ада. Св. свщмчк Антипа, еп. Пергамски. (Сутринта - Вечерня със св. Василиева литургия) (Тип. с. 452)"
12.04.2026,"+ Възкресение Христово ¬ Пасха. Утр. ев. Мат. 28: 1-9 (с. 9), ап. Деян. 1: 1-8 (с. 1), лит. ев. Ин 1: 1-17 (с. 10) (Тип. с. 454) (Вечерня в първия ден на Пасха) (Тип. с. 458)"
13.04.2026,"+ Възкресение Христово. Св. свщмчк Артемон, презвитер Лаодикийски"
14.04.2026,"+ Възкресение Христово. Св. Мартин, папа Римски"
15.04.2026,"*Светла сряда. Св. апли Аристарх, Пуд и Трофим (Блажи се)"
16.04.2026,"*Светли четвъртък. Св. мчци Агапия, Ирина и Хиония"
17.04.2026,"*Светли петък. Живоприемни източник. Преп. Симеон Персидски. Преп. Акакий, еп. Мелитински. (Тип. с. 458) (Блажи се)"
18.04.2026,"*Светла събота. Преп. Йоан. Св. мчк Виктор"
19.04.2026,"+ 2 Неделя след Пасха ¬ Томина. Преп. Йоан Ветхопещерник. Гл. 1, утр. ев. 1, ап. Деян. 5:12-20 (с. 9), лит. ев. Ин 20:19-31 (с. 15) (Тип. с. 460)"
20.04.2026,"Преп. Теодор Трихина. Св. Григорий и Анастасий, патр. Антиохийски."
21.04.2026,"Св. свщмчци Януарий и Теодор в Пергия"
22.04.2026,"Преп. Теодор Сикеот. Преп. Виталий"
23.04.2026,"Св. мчца Александра. Св. мчк Лазар Български"
24.04.2026,"Св. мчк Сава Стратилат Римски и 70 войни с него"
25.04.2026,"*Св. ап. и ев. Марк. (Тип. с. 275) (Отдание на Томина неделя – Тип. с. 461)"
26.04.2026,"+ 3 Неделя след Пасха ¬ на св. Мироносици. Св. свщмчк Василий, еп. Амасийски. Гл. 2, утр. ев. 4, ап. Деян. 6:1-7 (с. 16), лит. ев. Мк 15:43-47,16: 1-8 (с. 20) (Тип. с. 462)"
27.04.2026,"Св. свщмчк Симеон, брат Господен по плът"
28.04.2026,"Св. апли Иасон и Сосипатър"
29.04.2026,"Св. 9 мчци в Кизик. Преп. Мемнон Чудотворец"
30.04.2026,"*Св. ап. Яков Зеведеев. Преп. Климент Песнописец. Св. Донат, еп. Еврийски (Тип. с. 278, т. 2 и с. 271, т. 5)"
01.05.2026,"Св. прор. Йеремия. Прпмчк Акакий Серски. Св. благов. Тамара, царица Грузинска"
02.05.2026,"*Св. цар Борис-Михаил. Св. Атанасий Велики (Тип. с. 290, т. 5) (Отдание на Неделя на Мироносиците – Тип. с. 463)"
03.05.2026,"+ 4 Неделя след Пасха ¬ на Разслабления. Св. мчци Тимотей и Мавра. Св. мчк Ахмед. Преп. Петър, еп. Аргоски чудотворец. Гл. 3, утр. ев. 5, ап. Деян. 9:32-42 (с. 25), лит. ев. Ин 5:1-15 (с. 24) (Тип. с. 464)"
04.05.2026,"Св. прпмчца Пелагия. Св. Силван, еп. Кесарийски"
05.05.2026,"Св. вмчца Ирина. Преп. Иеракс Египетски (Отдание на Неделя на Разслабления - Тип. с. 465)"
06.05.2026,"+ Св. вмчк Георги Победоносец. Преполовение. Св. прав. Иов Многострадални. (Гергьовден) ( виж Тип. с. 279, т. 4)"
07.05.2026,"Св. мчк Акакий. Св. Авив, еп. Некрески"
08.05.2026,"*Св. ап. и ев. Йоан Богослов. Преп. Арсений Велики. (Тип. с. 296, т. 4)"
09.05.2026,"*Пренасяне мощите на св. Николай, Мирликийски Чудотворец. Събор на св. Новоселски мъченици. Св. прор. Исаия. Св. мчк Христофор. (Тип. с. 303)"
10.05.2026,"+ 5 Неделя след Пасха ¬ на Самарянката. Св. ап. Симон Зилот. Възстановяване на Българската патриаршия. Гл. 4, утр. ев. 7, ап. Деян. 11:19-30 (с. 34), лит. ев. Ин 4:5-42 (с. 28) [на апостола: 1 Кор. 4:9-16 (с.494), лит. ев. Лк 10:1-21 (с. 234)] (Тип. с. 466, виж и с. 297, т. 6)"
11.05.2026,"+ Св. равноапостолни Методий и Кирил, славянобългарски учители. Св. свщмчк Мокий. (Тип. с. 308, т. 4)"
12.05.2026,"Св. Епифаний, еп. Кипърски и св. Герман, патриарх Константинополски. (Молебен за здравния работник)"
13.05.2026,"Св. мчца Гликерия девица. Св. мчк Лаодикий. Св. Павсикакий, еп. Синадски. Св. Георги Изповедник. (Отдание на Преполовение - Тип. с. 467)"
14.05.2026,"Св. Исидор. Св. мчк Йоан Български. Св. Райко (Йоан) Шуменски"
15.05.2026,"Преп. Пахомий Велики. Преп. Ахилий, еп. Лариски"
16.05.2026,"Преп. Теодор Освещени. Св. преп. отци, избити в манастира „Св. Сава” (Отдание на Неделя на Самарянката - Тип. с. 468)"
17.05.2026,"+ 6 Неделя след Пасха ¬ на Слепия. Св. мчк Николай Софийски. Събор на св. Баташки мъченици. Св. ап. Андроник. Гл. 5, утр. ев. 8, ап. Деян. 16:16-34 (с. 42), лит. ев. Ин 9:1-38 (с. 33), [на св. Николай Софийски: ап. 2 Тим 2:1-10 (с. 357), лит. ев. Ин 15:17-27, 16:1-2 (с. 241)] (Тип. с. 317 и Тип. с. 310, т. 6)"
18.05.2026,"Св. мчк Теодот Анкирски. Св. мчци Петър, Дионисий и дружината им. Св. 7 девици"
19.05.2026,"Св. свщмчк Патрикий, еп. Брусенски. Св. мчк Калуф Египтянин. (Отдание на Неделя на Слепия - Тип. с. 469)"
20.05.2026,"*Отдание на Пасха. Св. мчк Талалей. Св. равноапостолна Лидия. (Тип. с. 470)"
21.05.2026,"+ Възнесение Господне (Спасовден). Св. велики равноапостолни царе Константин и Елена (Тип. с. 323, т. 7)"
22.05.2026,"Св. мчк Василиск. Св. мчк Йоан-Владимир, княз Български, чудотворец"
23.05.2026,"Св. Михаил Синадски. Прпмчк Михаил"
24.05.2026,"+ 7 Неделя след Пасха - на св. Отци от Първия вселенски събор. Преп. Симеон Дивногорски. Гл. 6, утр. ев. 10, ап. Деян. 20:16-18 (с. 50), лит. ев. Ин 17:1-13 (с. 40) (Тип. с. 473). Ден на Българската азбука, просвета и култура и на славянската книжовност (Молебен)"
25.05.2026,"*3-то намиране честната глава на св. Йоан Кръстител ( виж Тип. с. 325, т. 8)"
26.05.2026,"*Св. ап. Карп. Св. мчк Георги Софийски, Най-нови (Тип. с. 334)"
27.05.2026,"Св. свщмчк Терапонтий. Св. мчк Терапонтий Софийски. Св. Йоан Руски, изповедник"
28.05.2026,"Преп. Никита, еп. Халкидонски. Преп. Софроний Български"
29.05.2026,"Св. Александър, патр. Александрийски. Св. мчца Теодосия девица (Отдание на Възнесение) (Тип. с. 474)"
30.05.2026,"Преп. Исакий Далматски. Св. Емилия (Задушница) (Тип. с. 474)"
31.05.2026,"+ 8 Неделя след Пасха - Петдесетница. (Всичко на празника), утр. ев. Ин 20: 19-23 (с. 44), ап. Деян. 2:1-11 (с. 61), лит. ев. Ин 7:37-52, 8:12 (с. 44) (Тип. с. 475)"
01.06.2026,"+ Свети Дух. Св. мчк Юстин Философ. Св. мчци Юстин и дружината му. (Тип. с. 477)"
02.06.2026,"Св. Никифор Изповедник, патр. Константинополски. Прпмчк Еразъм Охридски"
03.06.2026,"Мчци Лукилиан, Клавдий, Ипатий, Павел, Дионисий и мъченица Павла Девица. Св. Маркелин. Преп. Атанасий Чудотворец (Блажи се)"
04.06.2026,"Св. Митрофан, патр. Константинополски. Св. мчци Фронтасий, Северин и др. Св. свщмчк Астий, еп. Дирахийски. Св. мчк Конкордий"
05.06.2026,"Св. свщмчк Доротей, еп. Тирски. Преп. Петър Корицки (Блажи се)"
06.06.2026,"Преп. Висарион Египетски Чудотворец. Преп. Иларион Нови. (Отдание на Петдесетница) (Тип. с. 478)"
07.06.2026,"+ 1 Неделя след Петдесетница¬ - на Всички светии. Св. свщмчк Теодот, еп. Анкирски. Св. мчца Валерия. Гл. 8, утр. ев. 1, ап. Евр. 11:33-40, 12:1-2 (с. 70), лит. ев. Мт 10:32-33, 37-38, 19: 27-30 (с. 48) (Петрови заговезни) (Тип. с. 479)"
08.06.2026,"Св. Ефрем, патр. Антиохийски. Пренасяне мощите на св. вмчк Теодор Стратилат. Св. мчци Марк и Юлий Доростолски (Начало на Петровите пости)"
09.06.2026,"Св. Кирил, архиеп. Александрийски"
10.06.2026,"Св. свщмчк Тимотей, еп. Брусенски"
11.06.2026,"*Св. апли Вартоломей и Варнава. Св. Лука Симферополски (Войно-Ясенецки). Св. Богородица “Достойно есть”"
12.06.2026,"Преп. Онуфрий Велики. Преп. Петър Атонски"
13.06.2026,"Св. мчца Акилина. Св. Трифилий, еп. Никозийски"
14.06.2026,"+ 2 Неделя след Петдесетница - на Всички български светии. Св. прор. Елисей. Св. Методий, патр. Константинополски. Гл. 1, утр. ев. 2, ап. Рим 2:10-16 (с.77), лит. ев. Мт 4:18-23 (с. 51) [на всички български светии: ап. 2 Кор. 4:6-15 (с. 171), лит. ев. Мт 10: 32-38 (с. 48)] (Тип. с. 480)"
15.06.2026,"Св. прор. Амос. Св. мчк Исихий Доростолски. Св. Ефрем, патр. Сръбски, българин"
16.06.2026,"Св. Тихон, еп. Аматунтски, чудотворец. Свщмчк Тигрий, презвитер и св. мчк. Евтропий, четец. Пренасяне мощите на св. Теофан Затворник"
17.06.2026,"Св. мчци Мануил, Савел и Исмаил. Св. мчк Манасий Габровски. Св. ап. Аетий"
18.06.2026,"Св. мчци Леонтий, Ипатий и Теодул"
19.06.2026,"*Св. ап. Иуда, брат Господен. Преп. Паисий Хилендарски. Преп. Паисий Велики. Св. мчк Зосима Созополски. Св. Йоан Шанхайски"
20.06.2026,"*Преп. Наум Охридски. Св. свщмчк Методий, епископ Патарски. Св. Калист, патр. Константинополски"
21.06.2026,"+ 3 Неделя след Петдесетница. Събор на светите Доростолски мъченици. Св. мчк Юлиан Тарсийски. Св. свщмчк Терентий, епископ Иконийски. Гл. 2, утр. ев. 3, ап. Рим. 5:1-10 (с. 85), лит. ев. Мт 6:22-33 (с. 54), [на св. Доростолски мъченици: ап. Деян. 12:1-11 (с. 485), лит. ев. Ин 15: 17-27, 16:1-2 (с. 329)]"
22.06.2026,"Св. свщмчк Евсевий, еп. Самосатски. Св. мчци Зинон и Зина. Св. мчци Галактион и Юлиания"
23.06.2026,"Св. мчца Агрипина. Св. преп. Антоний и Йоаникий"
24.06.2026,"*Рождение на св. Йоан Кръстител (Еньовден). Св. Никита, еп. Ремесиански (Тип. с. 342, т. 7)"
25.06.2026,"*Св. прпмчк Прокопий Варненски. Св. прпмчца Феврония. Преп. Дионисий Атонски."
26.06.2026,"Преп. Давид Солунски. Преп. Давид Български"
27.06.2026,"Преп. Сампсон Странноприимец"
28.06.2026,"+ 4 Неделя след Петдесетница. Пренасяне мощите на св. безсребреници и чудотворци Кир и Йоан. Гл. 3, утр. ев. 4, ап. Рим. 6:18-23 (с. 93), лит. ев. Мт 8:5-13 (с. 57)"
29.06.2026,"+ Св. първовърховни апостоли Петър и Павел (Петровден) (Тип. с. 349, т. 5)"
30.06.2026,"*Събор на св. славни и всехвални 12 апостоли. Преп. Гервасий Параскевопулос (Тип. с. 354, т. 4)"
01.07.2026,"*Възвръщане честните мощи на преп. Йоан Рилски чудотворец. Св. безсребреници Козма и Дамян от Рим. (Тип. с. 360, т. 5 или с. 361, т. 7)"
02.07.2026,"*Полагане честната дреха на Пресвета Богородица във Влахерна (Тип. с. 363)"
03.07.2026,"Св. мчк Иакинт. Св. Анатолий, патр. Константинополски"
04.07.2026,"Св. Андрей, архиепископ Критски. Св. прав. Марта"
05.07.2026,"+ 5 Неделя след Петдесетница. Преп. Атанасий Атонски. Преп. Сергий Радонежки, чудотворец. Гл. 4, утр. ев. 5, ап. Рим. 10:1-10 (с. 100), лит. ев. Мт 8:28-34, 9:1 (с. 60), [на преподобния: Гал. 5:22-26. 6:1-2 (с. 515), лит . ев. Лк 6:17-23 (с.353)]"
06.07.2026,"Преп. Сисой Велики. Св. свщмчк Валентин, презвитер Римски"
07.07.2026,"*Св. вмчца Неделя. Преп. Тома Малейски. Преп. Акакий (Тип. с. 367)"
08.07.2026,"Св. вмчк Прокопий. Преп. Теофил Мироточиви"
09.07.2026,"Св. свщмчк Панкратий, еп. Тавроменийски"
10.07.2026,"Св. 45 мчци в Никопол Арменски"
11.07.2026,"*Св. вмчца Евфимия Всехвална. Св. равноап. княгиня Олга. Преп. Никодим Албански. Св. Софроний Светогорец (Сахаров)"
12.07.2026,"+ 6 Неделя след Петдесетница. Преп. Паисий Светогорец. Света Богородица – „Троеручица“. Св. мчци Прокъл и Иларий. Св. правед. Вероника. Гл. 5, утр. ев. 6, ап. Рим. 12:6-14 (с. 106), лит. ев. Мт 9:1-8 (с. 63)"
13.07.2026,"Събор на св. архангел Гавриил. Преп. Стефан Саваит"
14.07.2026,"Св. ап. Акила. Преп. Никодим Светогорец"
15.07.2026,"*Св. мчци Кирик и Юлита. Св. равноап. велик княз Владимир (Тип. с. 372, т. 1 или с. 373, т. 3)"
16.07.2026,"Св. свщмчк Атиноген, еп. Севастийски и 10-те му ученици. Св. мчца Юлия девица. Св. мчк Йоан Търновски. Събор на св. свщмчци Николаос Хеше и синът му Хабиб"
17.07.2026,"*Св. вмчца Марина (Тип. с. 375, т. 1)"
18.07.2026,"Св. мчк Иакинт в Амастрида. Св. мчк Емилиан Доростолски. Преп. Гавриилия (Папаяни)"
19.07.2026,"+ 7 Неделя след Петдесетница - на св. Отци от 6-те Вселенски събори. Преп. Макрина. Преп. Дий. Гл. 6, утр. ев. 7, ап. Рим. 15:1-7 (с. 114, ), лит. ев. Мт 9: 27-35 (с. 66) [на св. Отци: ап. Тит. 3:8-15 (с. 520), лит. ев. Мт 5:14-19 (с. 356)] (Тип. с. 370)"
20.07.2026,"+ Св. прор. Илия (Илинден), ап. Иак. 5:10-20 (с. 523), лит. ев. Лк 4:22-30 (с. 358) (Тип. 376)"
21.07.2026,"Св. прор. Иезекиил. Преп. Симеон, юродив заради Христа и преп. Йоан."
22.07.2026,"Св. мироносица и равноапостолна Мария Магдалина. Възвръщане мощите на св. свщмчк Фока."
23.07.2026,"Св. мчци Трофим, Теофил и другарите им. Св. свщмчк Аполинарий, еп. Равенийски"
24.07.2026,"Св. вмчца Христина. Св. мчци князе Борис и Глеб"
25.07.2026,"*Успение на св. Анна. Св. дякониса Олимпиада и Евпраксия девица. (Тип. с. 378)"
26.07.2026,"+ 8 Неделя след Петдесетница. Св. прпмчца Параскева Римлянка. Св. свщмчк Ермолай, Ермил и Ермократ Никомидийски. Гл. 7, утр. ев. 8, ап. 1 Кор. 1:10-18 (с. 121), лит. ев. Мт 14:14-22 (с. 69), ( на св. Параскева: 1Тим 3:13-16, 4:1-5 (с. 527), лит. ев. Мк 5: 24-34(с. 360)"
27.07.2026,"*Св. вмчк Пантелеймон. Св. Седмочисленици. Успение на св. Климент, архиеп. Охридски. (Тип. с. 380)"
28.07.2026,"Св. апли и дякони Прохор, Никанор, Тимон и Пармен. Чудотворна икона на Св. Богородица – Зографска Акатистна"
29.07.2026,"*Св. свщмчк Висарион Смоленски. Св. мчк Калиник. Св. мчца Серафима девица"
30.07.2026,"Св. апли от 70-те Сила, Силуан, Крискент, Епенет и Андроник. Св. Валентин, еп. Интерамски (Богородични заговезни)"
31.07.2026,"Св. праведен Евдоким Кападокийски. Св. мчца Юлита и св. Йосиф Ариматейски"
01.08.2026,"*Произхождение (изнасяне) на св. Кръст. Св. мчци 7 братя Макавеи. Св. Соломония. Св. Елеазар. (Водосвет) (Начало на Богородичния пост) (Тип. с. 383)"
02.08.2026,"+ 9 Неделя след Петдесетница. Пренасяне мощите на св. архидякон Стефан. Св. свщмчк Стефан, папа Римски. Гл. 8, утр. ев. 9, ап. 1 Кор 3:9-17 (с. 129), лит. ев. Мт 14:22-34 (с. 73) [на първомъченика: ап. Деян. 6:8-15, 7:1-5, 47-60 (с. 530), лит. ев. Мт 21:33-42 (с. 362)] (Тип. с. 388) (вечерта - Вечерня с Молебен канон на Пресвета Богородица) (Тип. с. 387)"
03.08.2026,"Преп. Исакий, Фавст и Далмат (вечерта - Вечерня с Молебен канон на Пресвета Богородица)"
04.08.2026,"Св. 7 отроци в Ефес. Св. прпмчца Евдокия (вечерта - Вечерня с Молебен канон на Пресвета Богородица)"
05.08.2026,"Св. мчк Евсигний (Предпр. на Преображение Господне)"
06.08.2026,"+ Преображение Господне (Тип. с. 390) (Разрешава се риба) (вечерта - Вечерня с Молебен канон на Пресвета Богородица)"
07.08.2026,"Св. прпмчк Дометий Персийски. Св. прпмчца Потамия, чудотворица. Св. Наркис, патр. Йерусалимски (вечерта - Вечерня с Молебен канон на Пресвета Богородица)"
08.08.2026,"Св. Емилиан изповедник, еп. Кизически. Св. Мирон, еп. Критски, чудотворец. Св. Трендафил Загорски. Св. мчк. Анастасий Струмишки (Тип. с. 391)"
09.08.2026,"+ 10 Неделя след Петдесетница. Неделя след Преображение. Св. ап. Матия. Преп. Псой. Св. Самуил, презв. Едески. Гл. 1, утр. ев. 10, ап. 1 Кор. 4:9-16 (с. 135), лит. ев. Мт 17:14-23 (с. 76) [на св. ап. Матия: ап. Деян. 1:12-17, 21-26 (с. 534), лит. ев. Лк 9: 1-6 (с. 364)] (Тип. с. 394). (вечерта - Вечерня с Молебен канон на Пресвета Богородица)"
10.08.2026,"Св. мчк и архидякон Лаврентий (вечерта - Вечерня с Молебен канон на Пресвета Богородица)"
11.08.2026,"Св. мчк и архидякон Евпъл. Св. мчца Сосана девица (вечерта - Вечерня с Молебен канон на Пресвета Богородица)"
12.08.2026,"Св. мчци Фотий и Аникита. Преп. Паламон Египетски. Св. свщмчк Александър, еп. Комански. Св. мчци Памфил и Капитон. (вечерта - Вечерня с Молебен канон на Пресвета Богородица)"
13.08.2026,"Преп. Максим Изповедник. Св. Тихон, еп. Задонски (Отдание на Преображение Господне) (Тип. с. 395) (вечерта - Вечерня с Молебен канон на Пресвета Богородица)"
14.08.2026,"Св. прор. Михей (Предпр. на Успение Богородично)"
15.08.2026,"+ Успение на Пресвета Богородица (Тип. 397)"
16.08.2026,"+ 11 Неделя след Петдесетница. Пренасяне на неръкотворния образ (св. убрус) на Господ Иисус Христос. (Неделя след Успение Богородично). Св. мчк Диомид. Преп. Йоаким Осоговски. Св. преп. Херимон Египетски. Св. прпмчк Никодим Метеорски. Гл. 2, утр. ев. 11, ап. 1 Кор 9:2-12 (с. 142), лит. ев. Мт 18:23-35 (с. 80) [на св. Убрус: ап. Кол. 1:12-18 (с. 536), лит. ев. Мт 11:27-30 (с. 366)] (Тип. с. 400 и с. 401)"
17.08.2026,"Св. мчк Мирон. Преп. Алипий иконописец. Преп. Атанасий Хамакиотис"
18.08.2026,"*Успение на преп. Йоан Рилски Чудотворец. Св. мчци Флор и Лавър (Тип. с. 402)"
19.08.2026,"Св. мчк Андрей Стратилат и с него 2593 мъченици. Преп. Теофан Атонски Нови"
20.08.2026,"Св. прор. Самуил. Св. 37 мчци Пловдивски"
21.08.2026,"Св. ап. Тадей. Св. мчци Васа Хелеспонтска и Васа Солунска. Св. свщмчк Симеон Самоковски"
22.08.2026,"Св. мчк Агатоник, Зотик и Теопрепий и др. Св. мчца Евлалия девица. Св. преп. Антуса"
23.08.2026,"+ 12 Неделя след Петдесетница. Св. мчк Луп. Св. Ириней, еп. Лионски. (Отдание на Успение Богородично) Гл. 3, утр. ев. 1, ап. 1 Кор. 15:1-11 (с. 149), лит. ев. Мт 19:16-26 (с. 83) [на отдание ап. Фил. 2:5-11 (с. 535), лит. ев. Лк 10:38-42, 11:27-28 (с. 365)] (Тип. с. 404)"
24.08.2026,"Св. свщмчк Евтих. Преп. Георги Лимниот. Св. мчк Татион. Св. Козма Етолийски. Св. Дионисий Егински"
25.08.2026,"Възвръщане честните мощи на св. ап. Вартоломей. Св. ап. Тит"
26.08.2026,"Св. мчци Адриан и Наталия"
27.08.2026,"Преп. Пимен Велики. Св. Фанурий"
28.08.2026,"Преп. Моисей Мурин"
29.08.2026,"*Отсичане честната глава на св. Йоан Предтеча и Кръстител. (Тип. с. 405). (Пост)."
30.08.2026,"+ 13 Неделя след Петдесетница. Пренасяне честните мощи на св. Александър Невски. Св. Александър, Йоан и Павел, патриарси Константинополски. Гл. 4, утр. ев. 2, ап. 1 Кор 16:13-24 (с. 157), лит. ев. Мт 21:33-42 (с. 86) [на св. Александър Невски: ап. Гал. 5:22-6:2 (с. 541), лит. ев. Лк 6:17-23 (с. 369)] (Тип. с. 409)"
31.08.2026,"*Полагане честния пояс на Пресвета Богородица. Св. свщмчк Киприан, еп. Картагенски. Св. Генадий, патриарх Константинополски (Тип. с. 410)"
01.09.2026,"*Начало на Индикта - Църковната нова година. Преп. Симеон Стълпник. Преп. Марта. Св. мчци Айтала и Амун дякони. Праведен Иисус Навин. Св. мчци Калист, Евод и Ермоген (Тип. с. 65)"
02.09.2026,"Св. мчк Мамант. Преп. Йоан постник, патриарх Константинополски. Св. 3628 мчци в Никомидия"
03.09.2026,"Св. свщмчк Антим, еп. Никомидийски. Преп. Теоктист. Св. Фива дякониса. Св. мчца Василиса Никомидийска. Св. Йоаникий II, патр. Сръбски. Пренасяне на св. мощи на св. Нектарий Егински"
04.09.2026,"Св. свщмчк Вавила, еп. Антиохийски. Св. пророк и боговидец Моисей. Св. мчца Ермиония. Преп. Петроний"
05.09.2026,"Св. прор. Захария и праведна Елисавета, родители на св. Йоан Предтеча"
06.09.2026,"+ 14 Неделя след Петдесетница. Св. мчк Ромил. Св. мчк Евдоксий. Преп. Архип. Чудо на свети архангел Михаил в Колоса. Гл. 5, утр. ев. 3, ап. 2 Кор. 1:21-24, 2:1-4 (с. 164), лит. ев. Мт 22:2-14 (с. 90) (Тип. с. 68)"
07.09.2026,"Св. мчк Созонт (Предпразненство на Рождество Богородично) (Тип. с. 69)"
08.09.2026,"+ Рождество на Пресвета Богородица (Тип. с. 71)"
09.09.2026,"*Св. праведни богоотци Йоаким и Анна. Св. Йоаким I, патриарх Търновски. Св. мчк Севириан (Тип. с. 73)"
10.09.2026,"Св. мчци Минодора, Митродора и Нимфодора"
11.09.2026,"Преп. Теодора Александрийска."
12.09.2026,"Св. свщмчк Автоном (Отдание на Рождество Богородично) (Тип. с. 75)"
13.09.2026,"+ 15 Неделя след Петдесетница. Неделя преди Въздвижение. Обновление на храма на Свето Възкресение в Йерусалим. Св. свщмчк Корнилий стотник (Предпразненство на Въздвижение на Честния Кръст). Гл. 6, утр. ев. 4, на 15 Неделя: ап. 2 Кор. 4:6-15 (с. 171), лит. ев. Мт 22:35-46 (с. 94) [на Нед. преди Въздвижение: ап. Гал. 6:11-18 (с. 378), лит. ев. Ин 3:13-17(с. 253)], [на Обновлението: ап. Евр 3:1-4 (с. 377), лит. ев. Мт 16:13-18 (с. 252)] (Тип. с. 76)"
14.09.2026,"+ Въздвижение на Честния и Животворящ Кръст Господен (Кръстовден) (Строг пост) (Тип. с. 77-81)"
15.09.2026,"Св. вмчк Никита. Преп. Филотей. Св. мчк Леонид"
16.09.2026,"*Св. вмчца Евфимия Всехвална. Св. Людмила Чешка. Св. Киприан, митр. Киевски и Московски, българин"
17.09.2026,"*Св. мчци Вяра, Надежда и Любов и майка им София. Св. мчца Теодотия. Св. Нил, еп. Египетски"
18.09.2026,"Преп. Евмений, еп. Гортински чудотворец"
19.09.2026,"Св. мчци Трофим, Саватий и Доримедонт. (Събота след Въздвижение). (Тип. с. 81)"
20.09.2026,"+ Неделя след Въздвижение. Св. вмчк Евстатий Плакида и семейството му. Гл. 7, утр. ев. 5, ап. Гал. 2:16-20 (с. 381), лит. ев. Мк 8:34-38,9:1 (с. 256) (Тип. с. 82)"
21.09.2026,"Св. ап. Кодрат. Св. Исакий и Мелетий, еп. Кипърски (Отдание на Въздвижение) (Тип. с. 84)"
22.09.2026,"Преп. Козма Зографски. Св. свщмчк Фока, еп. Синопийски. Св. прор. Йона."
23.09.2026,"*Зачатие на св. Йоан Предтеча и Кръстител. Св. мчца Ираида"
24.09.2026,"Св. първомъченица и равноапостолна Текла. Преп. Коприй. Св. Силуан Атонски"
25.09.2026,"*Преп. Сергий, Радонежки чудотворец. Преп. Ефросиния Александрийска. (Тип. с. 86)"
26.09.2026,"*Успение на св. ап. и ев. Йоан Богослов. Утр. ев. Ин 21:15-25, ап. 1 Йоан. 4:12-19 (с. 389), лит. ев. Ин 19:25-27 (Тип. с. 88)"
27.09.2026,"+ 1 Неделя след Неделя подир Въздвижение. Св. мчк Калистрат и дружината му. Св. апостоли от 70-те Марк и Аристарх. Гл. 8, утр. ев. 6, ап. 2 Кор. 6:16-18, 7:1 (с. 185) и лит. ев. Лк 5:1-11 (с. 106)"
28.09.2026,"*Преп. Харитон Изповедник. Св. прор. Варух"
29.09.2026,"Преп. Кириак Отшелник. Преп. Теофан Милостиви. Св. мчца Петрония"
30.09.2026,"Св. свщмчк Григорий, просветител на Армения. Св. мчца Рипсимия"
01.10.2026,"*Покров на Пресвета Богородица. Св. ап. Анания. Преп. Роман Сладкопевец. Преп. Йоан Кукузел (Тип. с. 93)"
02.10.2026,"Св. свщмчк Киприан и св. мчца Юстина. Св. Андрей, юродив заради Христа"
03.10.2026,"Св. свщмчк Дионисий Ареопагит. Преп. Йоан Хозевит"
04.10.2026,"+ 2 Неделя след Неделя подир Въздвижение. Св. свщмчк Йеротей, еп. Атински. Св. мчца Виринея. Преп. Павел Препрости. Гл. 1, утр. ев 7, ап. 2 Кор. 9:6-11 (с. 191), лит. ев. Лк 6:31-36 (с. 110)"
05.10.2026,"Св. мчца Харитина. Св. свщмчк Дионисий, епископ Александрийски"
06.10.2026,"*Св. апостол Тома"
07.10.2026,"Св. мчци Сергий и Вакх"
08.10.2026,"Преп. Пелагия. Св. прпмчк Игнатий Старозагорски"
09.10.2026,"*Св. ап. Яков Алфеев. Преп. Андроник и Атанасия"
10.10.2026,"*Св. 26 прпмчци Зографски. Св. мчци Евлампий и Евлампия. Преп. Теофил Изповедник."
11.10.2026,"+ 4 Неделя след Неделя подир Въздвижение - на св. Отци от VII Вселенски събор. Св. апостол и дякон Филип. Преп. Теофан Начертаний, еп. Никейски. Гл. 2, утр. ев. 8, ап. 2 Кор 11:31-33, 12:1-9(с. 197), [на св. отци: ап. Тит. 3:8-15 (с. 398)], лит. ев. Лк 8:5-15 (с.116) (Тип. с. 97)"
12.10.2026,"Св. мчци Пров, Тарах и Андроник. Преп. Козма, епископ Маюмски. Св. Мартин Милостиви"
13.10.2026,"Св. мчци Карп и Папила. Св. мчк Флорентий. Св. мчк Вениамин, дякон"
14.10.2026,"*Преп. Параскева - Петка Търновска (Петковден). Св. мчци Назарий, Гервасий, Протасий и Целсий"
15.10.2026,"Преп. Евтимий Нови. Св. Лукиан, презв. Антиохийски"
16.10.2026,"Св. мчк Лонгин стотник. Преп. Мала Отшелник"
17.10.2026,"Св. прор. Осия. Св. прпмчк Андрей Критски"
18.10.2026,"+ 3 Неделя след Неделя подир Въздвижение. Св. ап. и ев. Лука. Св. вмчца Злата Мъгленска. Гл. 3, утр. ев. 9, ап. Гал 1:11-19 (с. 204), лит. ев. Лк 7:11-16 (с. 113) [на св. ев. Лука: ап. Кол. 4:5-18 (с. 400), лит. ев. Лк 10:16-21 (с. 268)], [на св. Злата: 2 Кор. 6:1-10 (с. 383), лит. ев. Мк 5:24-34 (с. 244)] (Тип. с. 101)"
19.10.2026,"+ Преп. Йоан Рилски Чудотворец. Св. прор. Йоил. Св. мчк Уар (Тип. с. 102)"
20.10.2026,"Св. мчк Артемий Антиохийски"
21.10.2026,"*Преп. Иларион Велики. Св. Иларион, еп. Мъгленски"
22.10.2026,"*Прославление на св. мощи на св. Евтимий, патриарх Търновски. Св. равноап. Аверкий, еп. Йераполски чудотворец"
23.10.2026,"*Св. ап. Яков, брат Божий"
24.10.2026,"*Св. Богородица „Всех скорбящих радост”. (Молебен за децата с увреждания). Св. мчк Арета."
25.10.2026,"+ 6 Неделя след Неделя подир Въздвижение. Св. мчци Маркиан и Мартирий. Гл. 4, утр. ев. 10, ап. Гал. 2:16-20 (с. 211), лит. ев. Лк 8:26-39 (с. 123)"
26.10.2026,"+ Св. вмчк Димитрий Мироточиви (Димитровден). Преп. Димитра Киевска (Доростолска) (Тип. с. 105)"
27.10.2026,"*Св. мчк Нестор. Преп. Димитрий Басарбовски"
28.10.2026,"*Св. мчца Параскева. Св. мчци Терентий, Неонила и чедата им. Преп. Стефан Саваит. Св. Димитрий, митр. Ростовски. Преп. Теофана (царица Теодора Българска)"
29.10.2026,"Св. прпмчца Анастасия Римлянка. Преп. Серапион"
30.10.2026,"*Св. крал Стефан Милутин. Св. свщмчк Зиновий, еп. Егейски и св. мчца Зиновия."
31.10.2026,"Св. апли от 70-те: Стахий, Амплий и др. Св. мчк Епимах"
01.11.2026,"+ 5 Неделя след Неделя подир Въздвижение. Св. безср. и чудотворци Козма и Дамян. Св. прпмчци Яков Костурски, дякон Яков и монах Дионисий. Гл. 5, утр. ев. 11, ап. Гал. 6:11-18 (с. 218), лит. ев. Лк 16:19-31(с. 120), [на св. безсребреници: ап. 1 Кор. 12:27-31, 13:1-8 (с. 406), лит. ев. Мт 10:1, 5-8 (с.274)]"
02.11.2026,"Св. мчци Акиндин, Пигасий, Афтоний, Елпидифор и Анемподист"
03.11.2026,"*Преп. Пимен Зографски (Софийски). Св. свщмчци Акепсим, Йосиф и Айтал."
04.11.2026,"Преп. Йоаникий Велики. Св. свщмчци Никандър, епископ Мирски и Ермей презвитер"
05.11.2026,"Св. мчци Галактион и Епистима"
06.11.2026,"Св. Павел, архиеп. Константинополски. Св. Клавдия. Преп. Лука Тавроменийски"
07.11.2026,"Св. 33 мчци в Мелитин. Преп. Лазар Галисийски. (Задушница) (Тип. с. 110)"
08.11.2026,"+ 7 Неделя след Неделя подир Въздвижение. Събор на св. архангел Михаил. Св. мчк Ангел Лерински. (Архангеловден) Гл. 6, утр. ев. 1, ап. Ефес. 2:4-10 (с.224), лит. ев. Лк 8:41-56 (с.127) [на Архангелите: ап. Евр. 2:2-10 (с. 408), лит. ев. Лк 10: 16-21(с. 275)] (Тип. с. 113)"
09.11.2026,"*Св. Нектарий, еп. Егински, чудотворец. Св. мчци Онисифор и Порфирий. Преп. Матрона и Теоктиста"
10.11.2026,"Св. апли Ераст, Олипм и Родион. Преп. Арсений Кападокийски"
11.11.2026,"*Св. мчк Мина. Св. мчци Виктор и Стефанида. Св. мчк дякон Викентий. Преп. Теодор Студит, изповедник (Тип. с. 114)"
12.11.2026,"Св. Йоан Милостиви, патр. Александрийски. Преп. Нил Постник. Преп. Нил Мироточиви, Атонски. Св. прор. Ахия"
13.11.2026,"*Св. Йоан Златоуст, архиеп. Константинополски (Тип. с. 116)"
14.11.2026,"*Св. ап. Филип. Св. благоверни цар Управда-Юстиниан. Св. мчк Константин от Идра (Тип. с. 118) (Рождественски заговезни)"
15.11.2026,"+ 8 Неделя след Неделя подир Въздвижение. Св. мчци Гурий, Самон и Авив. Гл. 7, утр. ев. 2, ап. Еф. 2:14-22 (с. 231), лит. ев. Лк 10:25-37 (с. 131) (Начало на Рождественския пост)"
16.11.2026,"*Свети апостол и евангелист Матей (Тип. с. 120)"
17.11.2026,"Св. Григорий Неокесарийски, чудотворец"
18.11.2026,"Св. мчци Платон, Роман дякон и Варух отрок"
19.11.2026,"Св. прор. Авдий. Св. мчк Варлаам"
20.11.2026,"Преп. Григорий Декаполит. Св. Прокъл, архиепископ Константинополски. Св. мчк Дасий Доростолски. (Предпразненство на Въведение Богородично) (Тип. с. 122)"
21.11.2026,"+ Въведение Богородично (Ден на православната християнска младеж и семейство) (Разрешава се риба) (Тип. с. 123)"
22.11.2026,"+ 9 Неделя след Неделя подир Въздвижение. Св. ап. Филимон. Св. Михаил воин, българин. Гл. 8, утр. ев. 3, ап. Еф. 4:1-7 (с. 238), лит. ев. Лк 12:16-21 (с. 134)"
23.11.2026,"*Св. благоверен княз Александър Невски. Св. Амфилохий, еп. Иконийски. Св. Григорий, еп. Акрагантийски"
24.11.2026,"*Св. вмчца Екатерина. Св. вмчк Меркурий"
25.11.2026,"*Св. Климент, папа Римски, пръв епископ на Сердика. Св. Климент, архиеп. Охридски. Св. Петър, еп. Александрийски (Отдание на Въведение Богородично) (Тип. с. 127)"
26.11.2026,"*Св. Стилиан Пафлагонийски. Преп. Алипий Стълпник. Преп. Яков Отшелник"
27.11.2026,"*Преп. Теодосий Търновски. Св. вмчк Яков Персиец. Преп. Паладий"
28.11.2026,"Св. прпмчк Стефан Нови. Св. мчк Иринарх. Св. 15 свщмчци Тивериополски. Св. мчк Христо, българин. Препмчци Сократ и Комасий"
29.11.2026,"+ 13 Неделя след Неделя подир Въздвижение. Св. мчк Парамон и 370 мъченици. Св. мчк Филумен. Преп. Акакий Синайски. Гл. 1, утр. ев. 4, ап. Еф. 5:8-19 (с. 245), лит. ев. Лк 18:18-27 (с. 148)"
30.11.2026,"*Св. ап. Андрей Първозвани (Андреевден) (Тип. с. 130)"
01.12.2026,"Св. прор. Наум. Св. Филарет Милостиви"
02.12.2026,"*Св. Порфирий Кавсокаливит. Св. прор. Авакум. Преп. Йоан и Андрей"
03.12.2026,"Св. прор. Софония. Св. свщмчк Теодор, архиепископ Александрийски"
04.12.2026,"*Св. вмчца Варвара. Преп. Йоан Дамаскин (Тип. с. 133)"
05.12.2026,"*Преп. Сава Освещени. Преп. Нектарий Битолски (Тип. с. 135)"
06.12.2026,"+ 10 Неделя след Неделя подир Въздвижение. Св. Николай, архиеп. Мирликийски, Чудотворец (Никулден). Гл. 2, утр. ев. 5, ап. Ефес. 6:10-17 (с. 252), лит. ев. Лк 13:10-17 (с. 138) [на светителя: ап. Евр. 13:17-21 (с. 424), лит. ев. Лк 6: 17-23 (с. 286)], (Тип. с. 137) (Разрешава се риба)"
07.12.2026,"Св. Амвросий, еп. Медиолански. Св. Филотея Търновска. Преп. Герасим Микраянанит - Химнописец"
08.12.2026,"Преп. Патапий"
09.12.2026,"*Зачатие на св. Анна. Св. Анна, майка на пророк Самуил"
10.12.2026,"Св. мчци Мина, Ермоген и Евграф"
11.12.2026,"*Преп. Даниил Стълпник. Преп. Лука Стълпник"
12.12.2026,"*Св. Спиридон, еп. Тримитунтски Чудотворец (Тип. 141)"
13.12.2026,"+ 11 Неделя след Неделя подир Въздвижение - на св. Праотци. Св. мчци Евстратий, Авксентий, Евгений, Мардарий и Орест. Св. мчца Лукия девица. Гл. 3, утр. ев. 6, ап. Кол. 3:4-11 (с. 266 или 426), лит. ев. Лк 14:16-24 (с. 141 или 287) (Тип. с. 140)"
14.12.2026,"Св. мчци Тирс, Левкий, Филимон, Ариан и Калиник"
15.12.2026,"Св. свщмчк Елевтерий. Преп. Павел Латрийски. Св. Стефан, изповедник (Тип. с. 143)"
16.12.2026,"Св. прор. Агей. Св. мчк Марин"
17.12.2026,"Св. прор. Даниил и св. 3 отроци Анания, Азария и Мисаил"
18.12.2026,"Св. Модест, патр. Йерусалимски. Св. мчк Севастиан и дружината му"
19.12.2026,"Св. мчк Бонифаций. Св. Бонифаций, еп. Ферентийски. Св. Григорий, еп. Омиритски. Св. свщмчк Игнатий Богоносец (Игнажден). (Тип. с. 147)"
20.12.2026,"+ Неделя преди Рождество Христово. (Предпразненство на Рождество Христово) Св. Йоан Кронщадски. Гл. 4, утр. ев. 7, ап. Евр. 11:9-10, 17-23, 32-40 (с. 431), лит. ев. Мт 1:1-25 (с. 291) (Тип. с. 148) (От 20 до 24 декември службите са само от Минея"
21.12.2026,"Св. мчца Юлиания и пострадали с нея 500 мъже и 130 жени в Никомидия"
22.12.2026,"Св. вмчца Анастасия"
23.12.2026,"*Преп. Наум Охридски. Св. 10 мчци в Крит. Св. мчк Геласий (Тип. с. 149)"
24.12.2026,"Св. прпмчца Евгения. Преп. Николай воин, българин (Утреня, Царски часове, Вечерня със св. Вас. лит.) (Бъдни вечер) (Тип. с. 151)"
25.12.2026,"+ Рождество Христово (Всичко на празника) (Утреня и св. Злат. лит.) (Тип. с. 153 - 155) (Блажи се)"
26.12.2026,"+ Събор на Пресвета Богородица. Св. Йосиф Обручник. Св. цар Давид. Св. Яков, брат Господен (Тип. 156)"
27.12.2026,"+ Неделя след Рождество Христово. Св. първомъченик и архидякон Стефан. Преп. Теодор Начертаний (Стефановден). Гл. 5, утр. ев. 8, ап. Гал. 1:11-19 (с. 442), лит. ев. Мт 2:13-23 (с. 300), [на първомъченика: ап. Деян. 6:8-15, 7:1-5, 47-60 (с. 443), лит. ев. Мт 21:33-42 (с. 300)] (Тип. с. 159)"
28.12.2026,"Св. 20 хиляди мъченици, изгорени в Никомидия"
29.12.2026,"Св. 14 хиляди младенци-мъченици, избити от Ирод във Витлеем. Преп. Маркел"
30.12.2026,"Св. мчца Анисия. Свщмчк Зотик Сиропитател. Преп. Теодора Кесарийска. Преп. Теодора Константинополска (Блажи се)"
31.12.2026,"Преп. Мелания Римлянка (Отдание на Рождество Христово) (Тип. с. 161)"
